Employee ID,Name,Phone Number,Email,Position,Dealership ID
1,James Carter,214-555-1001,jcarter@dealership.com,Manager,1
2,Maria Lopez,214-555-1002,mlopez@dealership.com,Salesperson,1
3,Kevin Brown,214-555-1003,kbrown@dealership.com,Mechanic,1
4,Sarah Kim,512-555-2001,skim@dealership.com,Manager,2
5,David Nguyen,512-555-2002,dnguyen@dealership.com,Salesperson,2
6,Ashley Turner,512-555-2003,aturner@dealership.com,Mechanic,2
7,Robert Johnson,713-555-3001,rjohnson@dealership.com,Manager,3
8,Emily Davis,713-555-3002,edavis@dealership.com,Salesperson,3
9,Michael Wright,713-555-3003,mwright@dealership.com,Mechanic,3
10,Jessica Patel,214-555-1004,jpatel@dealership.com,Salesperson,1
11,Elijah Carter,512-555-3929,ecarter@dealership.com,Salesperson,2
12,Ellie Ortiz,214-555-5114,eortiz@dealership.com,Service Advisor,1
13,Asher Price,214-555-9016,aprice@dealership.com,Salesperson,1
14,Easton Cox,512-555-7127,ecox@dealership.com,Lot Attendant,2
15,Genesis Martin,210-555-3932,gmartin@dealership.com,Lot Attendant,4
16,Lydia Hernandez,214-555-8684,lhernandez@dealership.com,Mechanic,1
17,Harper Wright,214-555-7966,hwright@dealership.com,Salesperson,1
18,Christopher Hernandez,210-555-9497,chernandez@dealership.com,Receptionist,4
19,Cameron Morris,214-555-6857,cmorris@dealership.com,Salesperson,1
20,Aurora Sullivan,210-555-3910,asullivan@dealership.com,Parts Specialist,4
21,Miles Thompson,214-555-2798,mthompson@dealership.com,Salesperson,1
22,Wyatt Price,210-555-2329,wprice@dealership.com,Parts Specialist,4
23,Luca Lopez,512-555-6075,llopez@dealership.com,Service Advisor,2
24,Madeline Nelson,512-555-9575,mnelson@dealership.com,Mechanic,2
25,Ella Bennett,512-555-8257,ebennett@dealership.com,Salesperson,2
26,Elijah Ortiz,512-555-6796,eortiz90@dealership.com,Mechanic,2
27,Ella Taylor,512-555-7689,etaylor@dealership.com,Salesperson,2
28,Hannah Jackson,713-555-3853,hjackson@dealership.com,Parts Specialist,3
29,Lucas Jackson,512-555-6228,ljackson@dealership.com,Lot Attendant,2
30,Willow Allen,214-555-6926,wallen@dealership.com,Salesperson,1
31,Sofia Rogers,713-555-1182,srogers@dealership.com,Finance Advisor,3
32,Abigail Baker,512-555-7176,abaker@dealership.com,Mechanic,2
33,Benjamin Roberts,210-555-7078,broberts@dealership.com,Finance Advisor,4
34,Claire Jones,713-555-7530,cjones@dealership.com,Lot Attendant,3
35,Maya Flores,512-555-6089,mflores@dealership.com,Salesperson,2
36,Eliana Ramirez,512-555-7284,eramirez@dealership.com,Salesperson,2
37,Victoria Edwards,210-555-5197,vedwards@dealership.com,Salesperson,4
38,Adeline Price,713-555-8816,aprice70@dealership.com,Salesperson,3
39,Ariana Collins,713-555-7706,acollins@dealership.com,Parts Specialist,3
40,Easton Lee,713-555-7208,elee@dealership.com,Service Advisor,3
41,Landon Watson,210-555-4186,lwatson@dealership.com,Mechanic,4
42,Everly Hall,214-555-6821,ehall@dealership.com,Service Advisor,1
43,Paisley Cruz,512-555-5275,pcruz@dealership.com,Service Advisor,2
44,Willow Turner,713-555-7551,wturner@dealership.com,Salesperson,3
45,Theodore Reed,512-555-1021,treed@dealership.com,Finance Advisor,2
46,Savannah Morgan,210-555-4363,smorgan@dealership.com,Salesperson,4
47,Ethan Morris,713-555-4281,emorris@dealership.com,Service Advisor,3
48,Zoey Flores,214-555-1523,zflores@dealership.com,Parts Specialist,1
49,Ethan Hill,713-555-5836,ehill@dealership.com,Salesperson,3
50,Riley Phillips,210-555-3822,rphillips@dealership.com,Salesperson,4
51,Sadie Taylor,512-555-8316,staylor@dealership.com,Receptionist,2
52,Rylee Torres,512-555-6895,rtorres@dealership.com,Salesperson,2
53,Cora Morris,210-555-4009,cmorris63@dealership.com,Finance Advisor,4
54,Jeremiah Nguyen,512-555-2224,jnguyen@dealership.com,Finance Advisor,2
55,Levi Peterson,214-555-2881,lpeterson@dealership.com,Mechanic,1
56,Isaac Martinez,713-555-1064,imartinez@dealership.com,Finance Advisor,3
57,Christopher Scott,214-555-6227,cscott@dealership.com,Mechanic,1
58,Savannah Moore,214-555-7508,smoore@dealership.com,Salesperson,1
59,Alexa Morgan,512-555-5786,amorgan@dealership.com,Salesperson,2
60,Jack Davis,210-555-4761,jdavis@dealership.com,Lot Attendant,4
61,Eleanor Rivera,512-555-5469,erivera@dealership.com,Salesperson,2
62,Vivian Martinez,512-555-3844,vmartinez@dealership.com,Service Advisor,2
63,Angel Reed,214-555-2860,areed@dealership.com,Service Advisor,1
64,Stella Martin,214-555-1542,smartin@dealership.com,Lot Attendant,1
65,Robert Carter,512-555-6798,rcarter@dealership.com,Receptionist,2
66,Willow Wood,512-555-6572,wwood@dealership.com,Lot Attendant,2
67,Alexa Brooks,210-555-4080,abrooks@dealership.com,Mechanic,4
68,Lily Jackson,210-555-9540,ljackson95@dealership.com,Receptionist,4
69,Willow Carter,214-555-4856,wcarter@dealership.com,Finance Advisor,1
70,Landon Hernandez,512-555-3727,lhernandez58@dealership.com,Mechanic,2
71,Eliana Cox,214-555-7496,ecox4@dealership.com,Mechanic,1
72,Violet Taylor,214-555-5679,vtaylor@dealership.com,Lot Attendant,1
73,Adeline Nguyen,214-555-9068,anguyen@dealership.com,Mechanic,1
74,Sofia Garcia,713-555-3686,sgarcia@dealership.com,Service Advisor,3
75,Quinn Nelson,713-555-1566,qnelson@dealership.com,Mechanic,3
76,Madelyn Wood,512-555-9978,mwood@dealership.com,Salesperson,2
77,Ava Ortiz,713-555-7546,aortiz@dealership.com,Mechanic,3
78,Maya Thompson,210-555-1894,mthompson29@dealership.com,Salesperson,4
79,Allison Lee,214-555-8122,alee@dealership.com,Salesperson,1
80,Mia Sanchez,512-555-3944,msanchez@dealership.com,Service Advisor,2
81,Elizabeth Allen,512-555-8055,eallen@dealership.com,Salesperson,2
82,Dominic Jones,210-555-8311,djones@dealership.com,Salesperson,4
83,Maverick Robinson,713-555-8121,mrobinson@dealership.com,Salesperson,3
84,Easton Lopez,713-555-9224,elopez@dealership.com,Salesperson,3
85,Ryan Rivera,512-555-2645,rrivera@dealership.com,Mechanic,2
86,Anna Thompson,512-555-8789,athompson@dealership.com,Service Advisor,2
87,Elena Thompson,713-555-3749,ethompson@dealership.com,Service Advisor,3
88,Gabriel Bailey,214-555-4845,gbailey@dealership.com,Salesperson,1
89,Maya Price,210-555-7478,mprice@dealership.com,Finance Advisor,4
90,Sofia Walker,713-555-6309,swalker@dealership.com,Lot Attendant,3
91,Piper Cook,512-555-2589,pcook@dealership.com,Lot Attendant,2
92,Mia Jones,210-555-2018,mjones@dealership.com,Mechanic,4
93,Abigail Reyes,713-555-4032,areyes@dealership.com,Salesperson,3
94,Ariana Johnson,713-555-4215,ajohnson@dealership.com,Service Advisor,3
95,Eleanor Lee,713-555-7377,elee20@dealership.com,Service Advisor,3
96,Asher King,512-555-8412,aking@dealership.com,Salesperson,2
97,Isabella Rivera,512-555-3312,irivera@dealership.com,Service Advisor,2
98,Madeline Williams,713-555-6209,mwilliams@dealership.com,Receptionist,3
99,Aaliyah Reed,512-555-2213,areed4@dealership.com,Salesperson,2
100,Genesis Lewis,713-555-5192,glewis@dealership.com,Lot Attendant,3
101,Sofia Gray,214-555-8111,sgray@dealership.com,Salesperson,1
102,Sebastian Hernandez,713-555-9145,shernandez@dealership.com,Mechanic,3
103,Brielle Jenkins,713-555-6358,bjenkins@dealership.com,Service Advisor,3
104,Eleanor Wright,512-555-2055,ewright@dealership.com,Parts Specialist,2
105,Kennedy Wright,713-555-2678,kwright@dealership.com,Salesperson,3
106,Valentina Watson,512-555-4483,vwatson@dealership.com,Mechanic,2
107,Aiden Peterson,214-555-5291,apeterson@dealership.com,Salesperson,1
108,Peyton Thomas,214-555-5625,pthomas@dealership.com,Mechanic,1
109,Aiden Parker,713-555-9350,aparker@dealership.com,Parts Specialist,3
110,Landon Myers,214-555-5694,lmyers@dealership.com,Mechanic,1
111,Nova Rodriguez,713-555-8434,nrodriguez@dealership.com,Service Advisor,3
112,Lydia Diaz,214-555-1325,ldiaz@dealership.com,Salesperson,1
113,Grace Bennett,512-555-7717,gbennett@dealership.com,Salesperson,2
114,Miles Reyes,214-555-1320,mreyes@dealership.com,Salesperson,1
115,Nevaeh Ramirez,512-555-2751,nramirez@dealership.com,Salesperson,2
116,Jackson Torres,512-555-3209,jtorres@dealership.com,Lot Attendant,2
117,Serenity Thompson,210-555-2715,sthompson@dealership.com,Mechanic,4
118,Skylar Russell,210-555-7326,srussell@dealership.com,Service Advisor,4
119,Scarlett Wright,713-555-5099,swright@dealership.com,Lot Attendant,3
120,Violet Russell,713-555-3025,vrussell@dealership.com,Salesperson,3
121,Landon Rodriguez,713-555-8757,lrodriguez@dealership.com,Mechanic,3
122,Autumn Diaz,210-555-4563,adiaz@dealership.com,Lot Attendant,4
123,Theodore Flores,210-555-5133,tflores@dealership.com,Finance Advisor,4
124,Jonathan White,210-555-5640,jwhite@dealership.com,Salesperson,4
125,Sadie Morgan,512-555-9232,smorgan31@dealership.com,Service Advisor,2
126,Landon Peterson,214-555-4715,lpeterson73@dealership.com,Mechanic,1
127,Zoe Howard,214-555-6533,zhoward@dealership.com,Service Advisor,1
128,Benjamin Ward,214-555-1172,bward@dealership.com,Mechanic,1
129,Jacob Flores,214-555-2370,jflores@dealership.com,Salesperson,1
130,Chloe Gutierrez,512-555-5894,cgutierrez@dealership.com,Salesperson,2
131,Zoe Morales,713-555-6087,zmorales@dealership.com,Salesperson,3
132,Hudson Hughes,512-555-2458,hhughes@dealership.com,Service Advisor,2
133,Nevaeh Brown,512-555-5878,nbrown@dealership.com,Mechanic,2
134,Gabriel Garcia,210-555-5097,ggarcia@dealership.com,Mechanic,4
135,Nolan Hall,512-555-6703,nhall@dealership.com,Salesperson,2
136,Ivy Long,512-555-4419,ilong@dealership.com,Lot Attendant,2
137,Jeremiah Peterson,210-555-8802,jpeterson@dealership.com,Parts Specialist,4
138,Landon Hall,512-555-9485,lhall@dealership.com,Lot Attendant,2
139,Christopher Flores,214-555-1268,cflores@dealership.com,Service Advisor,1
140,Josephine Martin,512-555-8145,jmartin@dealership.com,Salesperson,2
141,Christopher Green,713-555-6946,cgreen@dealership.com,Salesperson,3
142,Sadie Myers,214-555-9998,smyers@dealership.com,Salesperson,1
143,Alexa Parker,512-555-3581,aparker7@dealership.com,Salesperson,2
144,Penelope Nguyen,210-555-8024,pnguyen@dealership.com,Receptionist,4
145,Thomas Carter,713-555-7182,tcarter@dealership.com,Salesperson,3
146,Caroline Gutierrez,713-555-3205,cgutierrez10@dealership.com,Salesperson,3
147,Riley Smith,713-555-7396,rsmith@dealership.com,Mechanic,3
148,Kinsley Cox,214-555-5740,kcox@dealership.com,Parts Specialist,1
149,Cora Turner,512-555-3124,cturner@dealership.com,Salesperson,2
150,Miles Jenkins,214-555-9980,mjenkins@dealership.com,Finance Advisor,1
151,Gabriella Jackson,512-555-7738,gjackson@dealership.com,Finance Advisor,2
152,Addison King,713-555-8114,aking97@dealership.com,Mechanic,3
153,Josephine Brown,210-555-4743,jbrown@dealership.com,Mechanic,4
154,Camila Cook,713-555-4959,ccook@dealership.com,Lot Attendant,3
155,Amelia Taylor,210-555-2145,ataylor@dealership.com,Receptionist,4
156,Charles Taylor,713-555-9775,ctaylor@dealership.com,Parts Specialist,3
157,Camila Johnson,512-555-1255,cjohnson@dealership.com,Mechanic,2
158,Dominic Cooper,210-555-9136,dcooper@dealership.com,Service Advisor,4
159,Liam Ramirez,214-555-4607,lramirez@dealership.com,Salesperson,1
160,Aaron Collins,512-555-3057,acollins72@dealership.com,Mechanic,2
161,Cameron Williams,214-555-5941,cwilliams@dealership.com,Salesperson,1
162,Charlotte Price,512-555-7446,cprice@dealership.com,Lot Attendant,2
163,Jayden Ortiz,512-555-5656,jortiz@dealership.com,Finance Advisor,2
164,Leah Myers,214-555-6401,lmyers75@dealership.com,Lot Attendant,1
165,Josiah Sanchez,210-555-5324,jsanchez@dealership.com,Salesperson,4
166,Ariana Murphy,214-555-7375,amurphy@dealership.com,Service Advisor,1
167,Allison Richardson,713-555-8854,arichardson@dealership.com,Salesperson,3
168,Brooklyn Jenkins,214-555-5097,bjenkins31@dealership.com,Salesperson,1
169,Ava Lee,512-555-5911,alee34@dealership.com,Mechanic,2
170,Delilah Evans,512-555-5344,devans@dealership.com,Mechanic,2
171,Savannah Smith,512-555-9961,ssmith@dealership.com,Mechanic,2
172,Ruby Powell,210-555-6218,rpowell@dealership.com,Service Advisor,4
173,Bella Adams,512-555-1790,badams@dealership.com,Finance Advisor,2
174,Hudson Cruz,512-555-8652,hcruz@dealership.com,Salesperson,2
175,Hannah Myers,210-555-6409,hmyers@dealership.com,Lot Attendant,4
176,Sadie Ramirez,214-555-2466,sramirez@dealership.com,Salesperson,1
177,Jeremiah Ortiz,512-555-7335,jortiz22@dealership.com,Parts Specialist,2
178,Lucas Robinson,713-555-2322,lrobinson@dealership.com,Salesperson,3
179,Ella Lopez,210-555-7221,elopez29@dealership.com,Service Advisor,4
180,Gabriella Edwards,713-555-9284,gedwards@dealership.com,Salesperson,3
181,Claire James,210-555-8119,cjames@dealership.com,Mechanic,4
182,Audrey Watson,512-555-8884,awatson@dealership.com,Finance Advisor,2
183,Ellie Murphy,210-555-8603,emurphy@dealership.com,Salesperson,4
184,Leo Rivera,713-555-9777,lrivera@dealership.com,Mechanic,3
185,Mateo Gutierrez,214-555-8928,mgutierrez@dealership.com,Salesperson,1
186,Joseph Harris,214-555-6659,jharris@dealership.com,Mechanic,1
187,Madeline Collins,713-555-1980,mcollins@dealership.com,Service Advisor,3
188,Addison Thomas,210-555-9863,athomas@dealership.com,Parts Specialist,4
189,Liam Anderson,512-555-4093,landerson@dealership.com,Salesperson,2
190,Kennedy Jenkins,713-555-1331,kjenkins@dealership.com,Mechanic,3
191,Elizabeth Garcia,512-555-1638,egarcia@dealership.com,Salesperson,2
192,Landon Clark,512-555-9471,lclark@dealership.com,Lot Attendant,2
193,Skylar Morris,713-555-8803,smorris@dealership.com,Mechanic,3
194,Vivian Hall,713-555-4995,vhall@dealership.com,Salesperson,3
195,Robert Stewart,214-555-3743,rstewart@dealership.com,Finance Advisor,1
196,Harper Ramirez,210-555-5626,hramirez@dealership.com,Lot Attendant,4
197,Kaylee Baker,512-555-8714,kbaker@dealership.com,Mechanic,2
198,Gianna Gray,210-555-9098,ggray@dealership.com,Salesperson,4
199,Mia Allen,214-555-6439,mallen@dealership.com,Salesperson,1
200,Mia Parker,713-555-1057,mparker@dealership.com,Salesperson,3
